,Close,High,Low,Open,Volume
2022-12-15,59.67827224731445,62.66218585968018,59.67827224731445,62.66218585968018,1318200.0
2022-12-16,56.435760498046875,59.67827863438145,54.705088748182995,59.67827863438145,2307500.0
2022-12-19,56.197044372558594,58.67369454623194,52.715811535320455,52.715811535320455,117200.0
2022-12-20,56.903236389160156,57.68900128276782,56.455648551393594,57.68900128276782,22200.0
2022-12-21,56.65457534790039,65.92460051362703,55.20240488672371,58.68363762732791,290700.0
2022-12-22,57.2911376953125,60.69180696762821,56.694356512873874,58.11668891840289,3253200.0
2022-12-23,57.191680908203125,60.320811741266645,56.69436194378397,57.77851743798744,125800.0
2022-12-27,57.141944885253906,58.67368807532661,57.06734628812033,57.66910172831126,26500.0
2022-12-28,57.191680908203125,57.68899987262228,56.69436194378397,57.61937552114301,514800.0
2022-12-29,57.689002990722656,58.46481940299193,57.440343495072995,58.186321982021994,374800.0
2022-12-30,58.06696319580078,58.68363764767658,57.420447026053075,58.42503345632305,351100.0
2023-01-03,55.69973373413086,60.35464035687983,55.57042971843137,60.35464035687983,1794100.0
2023-01-04,60.165645599365234,60.384463347674874,53.2131253140945,53.83974822597542,33338500.0
2023-01-05,58.68364334106445,62.64230221622032,57.82825403443786,60.31484909126263,8850600.0
2023-01-06,58.63390350341797,59.61859287511592,57.5596927769376,59.35998869702382,5902600.0
2023-01-09,57.78845977783203,59.65838006974822,57.42044482164253,58.4747623488996,5288900.0
2023-01-10,59.67827224731445,59.73795188548902,57.743701892170066,58.832831574841116,6663000.0
2023-01-11,64.64151000976562,66.02405597703697,59.752867992000695,60.11590867271988,9219400.0
2023-01-12,65.29798126220703,66.16331139990592,63.31865012295241,65.7356167888244,5819800.0
2023-01-13,65.08910369873047,65.14877954175135,63.39821858536327,64.65146061395171,3772100.0
2023-01-17,62.99042510986328,65.37755778013744,62.920796960543086,63.59715109064601,3774600.0
2023-01-18,61.74711608886719,63.15949993547951,61.65759853561415,62.861109356050065,2610300.0
2023-01-19,63.59715270996094,64.15415135900531,60.971308982345626,61.00115070259776,2585600.0
2023-01-20,66.41197204589844,67.4563449203531,63.19929574291152,63.61704185729928,4001600.0
2023-01-23,69.14723205566406,69.53514786624102,66.41993781271046,66.98886936587827,3724100.0
2023-01-24,69.22681427001953,70.2512903584672,68.34158691659464,68.6598708235734,2591000.0
2023-01-25,68.3415756225586,69.32626511134461,66.59101062922794,68.09291612418434,2802100.0
2023-01-26,68.84883117675781,69.07759362601325,67.43644729231806,68.14263923453794,2075900.0
2023-01-27,69.70421600341797,70.13191054352036,67.99343784300837,68.49075672273284,2810600.0
2023-01-30,71.11660766601562,73.5534674107859,67.55580227213123,68.04318029187307,4259900.0
2023-01-31,69.14723205566406,70.73368091732445,68.13270461061498,70.62924817440772,3084300.0
2023-02-01,69.63461303710938,70.36069457481611,67.16790729762428,68.63002646694748,2698700.0
2023-02-02,70.27117919921875,71.50452824677227,68.63002491188941,69.21685771431487,2776000.0
2023-02-03,70.17169952392578,70.25126478033597,68.7294701670313,69.25662698460908,3074900.0
2023-02-06,71.47467041015625,71.96204079030015,69.16711109856702,69.53512980352365,2227400.0
2023-02-07,71.24591827392578,71.81286163886736,70.71876134019766,71.19619092627333,1932300.0
2023-02-08,69.79374694824219,71.0370444537552,69.64454972988348,70.82817138344731,1111900.0
2023-02-09,68.0431900024414,70.59940938820351,67.84425784706966,69.87332030094676,1186000.0
2023-02-10,68.86872100830078,69.16711539175813,67.82435584316886,67.83429675772888,1968100.0
2023-02-13,69.05772399902344,69.49536719395317,67.54587741692718,68.1525996801436,2223200.0
2023-02-14,72.22065734863281,72.77765213523669,68.34554445022987,68.58027905151077,3036000.0
2023-02-15,71.9322280883789,73.14568780140485,71.33544673778044,72.31018783977773,1773000.0
2023-02-16,70.52976989746094,71.43488634761388,69.9628190676657,71.2160648179001,1829400.0
2023-02-17,72.77765655517578,73.0859994780448,70.50988325657929,70.58945611335099,2408600.0
2023-02-21,72.0813980102539,72.70801705267245,71.86257649396954,72.23059518849176,1835500.0
2023-02-22,71.55424499511719,72.60855862352747,70.46312721876981,71.88246969835919,2010200.0
2023-02-23,75.49301147460938,75.80134676812106,71.89540213639404,72.05156555451713,3763200.0
2023-02-24,74.60780334472656,75.36372281005478,73.8220383631342,74.43870910650796,2102900.0
2023-02-27,75.63227081298828,76.56723291658277,74.1701518087664,74.59784643184841,2139600.0
2023-02-28,75.59248352050781,75.93065677799505,74.89623999716041,75.63226994876842,3511800.0
2023-03-01,74.89624786376953,75.333883443632,74.60780191994763,74.96587222341715,2534300.0
2023-03-02,74.63762664794922,75.0653212354312,74.10052128772872,74.38896718054073,1391900.0
2023-03-03,75.96050262451172,76.48765952143313,74.71720519272147,75.12500280433632,2082700.0
2023-03-06,76.26883697509766,76.74626652167784,75.29408846221885,75.50296910593126,1874100.0
2023-03-07,75.84114837646484,76.4230107025709,75.522864516326,75.95055916480813,1709400.0
2023-03-08,76.21910095214844,76.98497639883806,75.6939322526696,75.84114127502589,1641300.0
2023-03-09,75.97042846679688,76.98496321939342,75.49300659726751,76.58710660246308,1683800.0
2023-03-10,74.56800079345703,76.1196334104095,74.10051979002017,75.47311729051778,3388600.0
2023-03-13,75.83118438720703,77.06454073332465,73.64298424413323,74.54810070376026,2272100.0
2023-03-14,76.72635650634766,78.33767241584965,75.94059176218529,76.27877254795017,1992300.0
2023-03-15,76.34840393066406,76.39813127035983,75.18467187221083,75.52285268917127,2326200.0
2023-03-16,76.20915985107422,77.03470355405464,75.34382213235297,75.55269518408187,1624600.0
2023-03-17,75.43334197998047,77.1242311264022,75.0255443476016,76.44787698553064,5803300.0
2023-03-20,74.7967758178711,75.40350561511607,74.1104807465421,75.08522175332246,1714100.0
2023-03-21,76.10969543457031,76.26884115498069,75.09516802665382,75.24436524241715,1401600.0
2023-03-22,74.36907958984375,76.63686059407158,74.30940373842496,76.44787694659784,1549800.0
2023-03-23,75.30402374267578,76.29866150061125,74.46853166848226,75.00563696838547,1393700.0
2023-03-24,76.05001831054688,76.07985623550292,74.48843700046834,74.85645578139231,1154800.0
2023-03-27,75.97042846679688,77.04463905596364,75.85604725054269,76.40807150426862,1196600.0
2023-03-28,76.48766326904297,76.52744969942788,75.74168477341867,75.9704472625248,760800.0
2023-03-29,78.81510925292969,79.04387932100096,76.64679821234587,76.9451926335718,1786000.0
2023-03-30,81.6995620727539,81.84776519403276,79.07371844468838,79.35221586153087,2188900.0
2023-03-31,81.59015655517578,82.14715142481013,81.14257247614617,81.80897813638526,1916200.0
2023-04-03,81.37132263183594,82.17698447576949,81.03314939470407,81.56030625757718,1913100.0
2023-04-04,81.15251159667969,81.71946254734878,81.03315989210581,81.56031682326922,1552700.0
2023-04-05,80.68501281738281,81.3613667557614,80.21753188502775,81.06297241088012,1410600.0
2023-04-06,79.73017883300781,80.62534688486798,79.66054689407841,80.53583311507599,1356700.0
2023-04-10,80.15786743164062,80.19765385960548,79.27264027775702,79.50141034143361,1579200.0
2023-04-11,80.15786743164062,80.2523592494965,79.53124826528595,80.15786743164062,1167000.0
2023-04-12,81.3116455078125,81.46084270534028,80.1747766736929,80.57063756613147,1232000.0
2023-04-13,82.4952621459961,82.72601277494145,80.94362200681087,81.21217846426865,1252800.0
2023-04-14,81.9283218383789,82.8334383292607,81.54041368678892,82.0078870985499,1163600.0
2023-04-17,82.27645111083984,82.79365949756247,81.56031058423527,81.72939721177102,861000.0
2023-04-18,83.2114028930664,83.70872179846081,82.34606526582577,82.34606526582577,1522000.0
2023-04-19,85.29021453857422,86.41415282629455,83.30093839773284,83.34072483116802,2422900.0
2023-04-20,84.54423522949219,85.85715716716368,84.22595135334413,84.91225404411088,1634900.0
2023-04-21,86.01629638671875,86.05110477022372,84.63374260447455,84.74315339003694,1850600.0
2023-04-24,87.31927490234375,87.35906133477172,85.71790704242652,86.13565320019117,2692800.0
2023-04-25,79.95893096923828,83.05225508922092,78.3575635275051,83.05225508922092,7291400.0
2023-04-26,79.69039916992188,79.83958879890503,77.14412073364761,79.30249095759427,3489500.0
2023-04-27,81.08287048339844,81.10276748903948,80.18770253014144,80.3866270556465,1557000.0
2023-04-28,80.90384674072266,81.29176252037657,80.5756219863775,80.76459803561009,1617600.0
2023-05-01,80.34687042236328,81.29077955977007,80.2921650192941,80.64526490973824,1355800.0
2023-05-02,78.0392837524414,80.217543043006,77.47234048909391,79.90920015347703,1879100.0
2023-05-03,79.28258514404297,79.98877713392422,77.60164468496157,78.0492362876648,1748900.0
2023-05-04,77.84037017822266,79.82964613154356,77.27342683506562,79.19307843355972,1751400.0
2023-05-05,78.56643676757812,79.10354208384088,78.07906637612056,78.07906637612056,1077400.0
2023-05-08,78.99414825439453,79.06377261095702,78.18849390153065,78.45704282299003,842300.0
2023-05-09,75.96050262451172,78.36752463122117,75.71184313815367,78.12881364909332,2499700.0
2023-05-10,75.49301147460938,76.34840060030399,74.56799800559006,76.08979264431895,1792900.0
2023-05-11,74.58789825439453,75.30403879743608,74.3094008406529,75.30403879743608,1504800.0
2023-05-12,74.51825714111328,74.607778483102,73.87174109691459,74.48841922327827,2577800.0
2023-05-15,74.52822875976562,75.1548479941114,74.29945867126641,74.69731540559901,1187900.0
2023-05-16,77.36294555664062,77.85031607158801,74.8166746019111,74.86640195083208,2668900.0
2023-05-17,79.86944580078125,80.17778119634181,75.7973954888016,77.51215067348433,3716300.0
2023-05-18,79.26270294189453,80.6949764708893,78.79522187780107,79.98878441671096,1483500.0
2023-05-19,78.9145736694336,80.65419604235515,78.6957596882205,79.6605521542323,1312900.0
2023-05-22,78.68572235107422,79.02302905728342,78.31756437544736,78.9543728366601,1357700.0
2023-05-23,76.80514526367188,79.37526701525621,76.67578856470065,78.56631698264054,1382400.0
2023-05-24,76.14844512939453,76.75540447536567,75.70069171938292,76.58625386192632,1431900.0
2023-05-25,79.46183013916016,79.66082993139797,75.23302002758528,76.14843121804795,3127800.0
2023-05-26,78.0389633178711,79.80013509606245,77.97926489563419,79.37227869020097,2243100.0
2023-05-30,77.57129669189453,78.65586598556528,77.02404350322918,77.85985168578208,1775800.0
2023-05-31,79.11357116699219,79.33247547793788,77.35537540695,78.14840630037979,4501500.0
2023-06-01,79.4319839477539,79.7006344366188,78.49666818771361,79.33248404785415,2355500.0
2023-06-02,79.57128143310547,80.46679567110444,79.5016307474475,79.89963791893099,2404500.0
2023-06-05,80.08869171142578,80.32152619066733,78.38721832171413,79.51158923852233,1416700.0
2023-06-06,82.51651763916016,82.76527115819883,77.41209816137453,77.61109794006349,23800600.0
2023-06-07,80.0787353515625,81.84985917397644,79.79018036153312,81.08369409219206,3883900.0
2023-06-08,77.36234283447266,78.00910348898037,76.36732877872382,76.96433569390216,15048600.0
2023-06-09,76.7155990600586,78.108620562891,76.67579757810836,77.7106133347451,4894700.0
2023-06-12,77.87974548339844,77.91954695591643,76.51658110859182,76.86483450393094,5545200.0
2023-06-13,77.40214538574219,78.05785625668663,76.3175761023653,77.90960468682147,4122300.0
2023-06-14,78.13846588134766,78.40712397328015,77.09370549982152,77.79021242083894,3322600.0
2023-06-15,78.70561218261719,78.775262864539,77.8349748629171,78.26781114968938,3277900.0
2023-06-16,78.25786590576172,79.70063341418908,78.09865999487987,79.10362643109347,5390600.0
2023-06-20,78.5066146850586,78.76532047886828,77.3623469419231,77.96930615546397,3151100.0
2023-06-21,79.22303009033203,79.60113273794929,77.89965943663829,78.39716651625046,2805700.0
2023-06-22,79.8100814819336,80.34739001653622,79.18322532057483,79.54143101030992,2229200.0
2023-06-23,79.4220199584961,79.94937618235267,78.61606101949678,79.46182143085286,7973000.0
2023-06-26,77.41210174560547,79.89963705116664,77.3523957361504,79.62102672020532,2500700.0
2023-06-27,76.68574523925781,77.95936221972231,75.81212439830203,77.56135501548815,3250400.0
2023-06-28,76.80514526367188,77.20314485367558,75.95937715652506,77.11359722333141,2920500.0
2023-06-29,78.2877197265625,78.30761667091663,76.76534917304208,76.88474602187907,1908200.0
2023-06-30,80.83493041992188,81.0040885592762,78.9185386714516,79.02400535143408,3429500.0
2023-07-03,80.2876968383789,81.05385441892895,79.50163472301388,81.00410826460302,1086900.0
2023-07-05,80.2479019165039,80.88471043820803,79.53646277017978,79.9692991371779,2655900.0
2023-07-06,78.72552490234375,79.86978513986169,78.60612046747976,79.60113465061241,2595900.0
2023-07-07,79.22303009033203,79.70859596760916,77.90961170381009,78.58622163573688,2892600.0
2023-07-10,80.25784301757812,80.37723985418693,79.6011300508084,79.73047915425305,2263000.0
2023-07-11,80.8548355102539,81.03891066133278,79.81006782869744,80.09862278447355,1793100.0
2023-07-12,81.28272247314453,82.24788758104836,80.88471522568277,80.88471522568277,2124800.0
2023-07-13,80.99417114257812,81.59117824561608,80.49666395815363,81.32252770622401,1476300.0
2023-07-14,81.41205596923828,81.75036472159255,80.82500127526184,81.09365175068123,1791900.0
2023-07-17,80.78520202636719,81.94936677087424,80.6757498615309,81.332455259193,2343200.0
2023-07-18,82.05883026123047,82.48170678250247,80.34740445633604,80.70362127500881,2842800.0
2023-07-19,81.3424072265625,82.52647650105143,81.25285959640227,82.36727059229251,2781700.0
2023-07-20,81.4718017578125,82.76081624851406,81.42203734467245,81.86995503364344,3113900.0
2023-07-21,82.24820709228516,82.75585277439193,81.64102497689981,81.70075291218141,7717700.0
2023-07-24,80.25743865966797,82.29796947677166,79.89910146647765,82.09889663350688,4335700.0
2023-07-25,79.8393783569336,81.9694896012164,78.21691271771391,80.46646462614667,4729500.0
2023-07-26,77.0722427368164,79.93694358546911,76.93289020033878,79.88916882759548,4148600.0
2023-07-27,76.50485229492188,78.5055667800071,75.89767032479223,77.6395840699514,3224700.0
2023-07-28,77.51020050048828,77.95811821530293,76.53472529812727,76.88310658677672,2910100.0
2023-07-31,77.63958740234375,77.66944756705122,75.9175778275105,77.3608824062185,3916200.0
2023-08-01,77.33103942871094,77.67444658745403,76.74376154708602,77.48034028543118,2126700.0
2023-08-02,76.23609924316406,77.42060307604612,75.79813750195939,76.96272949552119,3073000.0
2023-08-03,75.66874694824219,76.33565699095733,75.33032156030156,76.28588497783996,2053300.0
2023-08-04,75.5492935180664,76.4401546870435,75.27655751296327,75.62892568795868,1449600.0
2023-08-07,75.24073028564453,75.93750046921814,74.82267273198596,75.74837594031146,1668300.0
2023-08-08,73.58840942382812,75.12129482105654,72.98122729914209,74.94212620075339,2574900.0
2023-08-09,73.57844543457031,74.53400877336628,73.08075572098019,73.45900476355979,3028400.0
2023-08-10,71.96593475341797,74.23539860491033,71.78676615492424,73.90692157531478,3681600.0
2023-08-11,71.25920104980469,71.80666270713226,70.53257840732424,71.80666270713226,2898300.0
2023-08-14,71.46825408935547,71.53793035346744,70.52263896881503,71.16963718936518,2601100.0
2023-08-15,70.21406555175781,71.41847374472721,69.86568427183151,71.41847374472721,2476300.0
2023-08-16,70.3434829711914,71.94604492749892,70.09463804125726,70.88098893114653,3697400.0
2023-08-17,68.0739974975586,70.47286552983952,67.92468906667042,70.37332151315259,3791900.0
2023-08-18,68.04413604736328,68.4323334038684,67.58128067975049,67.8848716989806,2929200.0
2023-08-21,68.65132141113281,69.178871300955,68.28302828326521,69.00965861820873,2807800.0
2023-08-22,68.61150360107422,69.07933314269631,68.35270282597942,68.83048828814348,2168400.0
2023-08-23,68.67121887207031,69.20872462956463,68.49205028623888,68.6413587067887,2079500.0
2023-08-24,68.11380767822266,69.46752417102742,67.92468317589002,69.31821575308805,2623200.0
2023-08-25,68.2730712890625,68.5716881549783,67.29760370280329,68.09391028248385,3096600.0
2023-08-28,68.98973846435547,69.33812730280634,68.44228439305272,68.74089363354288,2438700.0
2023-08-29,70.15436553955078,70.17426979239453,69.00967735034948,69.00967735034948,2044300.0
2023-08-30,70.06475830078125,70.66198444703285,69.90550153904731,70.17425064691066,1889200.0
2023-08-31,70.1244888305664,70.80134725314538,69.53821335253434,70.18421676977344,3573300.0
2023-09-01,68.9300308227539,70.69184920777539,68.78072237795544,70.34346789934098,2097300.0
2023-09-05,67.3473892211914,68.84045866198365,67.0985443143927,68.81059089408694,3773500.0
2023-09-06,66.67051696777344,67.88487348245543,65.75476212879855,67.19806684590216,3140100.0
2023-09-07,65.59549713134766,67.85500479205625,65.52582088438682,67.77537262577489,2836900.0
2023-09-08,64.60012817382812,65.68508813501796,64.4209595680917,65.61541187690615,3103100.0
2023-09-11,66.31218719482422,67.03881000089241,64.89874248700217,65.01819076480412,3630500.0
2023-09-12,65.09780883789062,66.31217281945565,64.91864025710002,66.07327631564051,2381800.0
2023-09-13,64.23182678222656,65.63531527905218,63.91330570122339,64.81910453434772,3612800.0
2023-09-14,65.69503784179688,65.75475817334583,64.27164505145893,64.56030597751537,3945100.0
2023-09-15,66.12305450439453,66.19273075932287,65.27698352479554,65.69504105436555,6711100.0
2023-09-18,65.97374725341797,66.6804657357935,65.56564563701176,65.56564563701176,3205300.0
2023-09-19,65.81449127197266,66.44157758495056,65.0480448508572,66.19273272508184,3160400.0
2023-09-20,64.70960998535156,66.49133983169845,64.60011765555463,66.11309083998488,1796400.0
2023-09-21,63.59479904174805,64.59017859487497,63.49526260526402,64.32142945695377,2172500.0
2023-09-22,64.03276824951172,64.50557201675154,63.441511035197465,63.535078474702786,2277800.0
2023-09-25,66.1728286743164,66.73023873195285,63.70428431566182,63.70428431566182,3214500.0
2023-09-26,65.90406036376953,67.09353828419516,65.81447987491777,65.88415611984952,3619900.0
2023-09-27,67.96452331542969,68.09492236694545,65.84436733154264,66.06335207614158,5470000.0
2023-09-28,69.45757293701172,70.25387949031287,67.69575475007123,68.42237745537707,4817700.0
2023-09-29,67.7256088256836,69.87562417559947,67.61611649459874,69.75618351924612,3146200.0
2023-10-02,67.52654266357422,68.34276115638646,67.25779353590272,67.6858070311892,1942100.0
2023-10-03,66.67051696777344,67.21797109290186,66.09319508093199,67.03880249333528,2726100.0
2023-10-04,67.56635284423828,67.7554773656992,66.16287179959828,66.8297741938183,2084400.0
2023-10-05,67.28765106201172,68.36266271873774,66.31914725708907,68.02422974792722,1894300.0
2023-10-06,68.14366912841797,68.67121896683248,66.34203494195138,66.70037211410875,2319800.0
2023-10-09,67.48672485351562,67.76542986424111,66.8695869053792,67.50662909964946,1600300.0
2023-10-10,67.87492370605469,68.31288547797304,67.29760183154623,67.68579918995725,2209000.0
2023-10-11,67.4668197631836,67.99436967114333,66.73024107626675,67.99436967114333,2032900.0
2023-10-12,66.20268249511719,67.59621509974106,65.86424956818456,67.4070905936863,2252100.0
2023-10-13,66.80988311767578,67.32747718089443,65.75477555188782,65.82445182182387,1984200.0
2023-10-16,66.57097625732422,67.37723879249683,66.0235221050005,67.31751086024605,1951500.0
2023-10-17,66.4913558959961,67.0985380191501,65.76472549489365,66.06334239269316,1596000.0
2023-10-18,64.9286117553711,66.17283619991248,64.78925163097058,65.9936675761328,1917700.0
2023-10-19,65.17756652832031,66.39248959072918,64.57010499711588,64.95848864288268,1669200.0
2023-10-20,63.78338623046875,65.25722127514135,63.59417469998445,65.25722127514135,2575000.0
2023-10-23,63.7236442565918,64.27135413008031,63.09626555847,63.68380984427516,2412500.0
2023-10-24,64.40080261230469,64.7891785891534,63.69375897246123,63.75350678501138,2511200.0
2023-10-25,64.24148559570312,64.719483388225,63.71368908539054,63.932770773826576,3179600.0
2023-10-26,63.64397430419922,64.47051745162072,63.31534990545673,63.85310306574653,3484900.0
2023-10-27,62.83734130859375,64.05226420805569,62.45892581435018,63.93276097941399,2606400.0
2023-10-30,62.90705490112305,63.40497366576256,62.090468431019744,63.27551752210575,4484200.0
2023-10-31,66.29290771484375,67.41820145049459,65.49623460796529,66.41241096016687,7555100.0
2023-11-01,67.99578857421875,68.16507913895606,65.72528011320287,66.47215829630746,4523300.0
2023-11-02,68.96174621582031,69.4696254633041,67.99578263443165,69.3102878179613,3115900.0
2023-11-03,71.27208709716797,71.60071528419387,69.34015998298322,69.6488747636607,4022800.0
2023-11-06,70.79408264160156,71.66046398233489,70.46546204817038,71.37167020209044,2350100.0
2023-11-07,70.40570831298828,71.16254694142363,70.38579490591978,70.953421977837,1912900.0
2023-11-08,69.69866943359375,70.86380516531078,69.23560861016648,70.86380516531078,2062100.0
2023-11-09,68.02564239501953,69.84802644699928,67.76673017164373,69.83806594682775,1981500.0
2023-11-10,69.23060607910156,69.28040098339035,68.1053126599505,68.26465027556607,2773300.0
2023-11-13,69.71858978271484,70.25634297744669,69.0613333454967,69.28041882456942,1993200.0
2023-11-14,71.90941619873047,72.06875382617572,70.38578622505739,70.70445388231165,2634400.0
2023-11-15,71.22228240966797,72.32766245239797,71.17747155330656,71.70028767043063,2780100.0
2023-11-16,71.6206283569336,72.35755354822034,71.2023784468326,71.70029717723003,2946600.0
2023-11-17,72.69612884521484,73.07354902466184,71.72518891783683,72.22808406031562,2920000.0
2023-11-20,73.02474975585938,73.18407977030353,72.46707571121604,72.78574333773987,1787600.0
2023-11-21,73.07454681396484,73.38326157916153,72.28783434400643,73.19405003897354,1469300.0
2023-11-22,73.29362487792969,73.87121234416831,72.88533552947531,73.44300199473426,1123300.0
2023-11-24,73.4031753540039,73.53263148352092,73.08550297373715,73.51271807807082,558900.0
2023-11-27,70.84388732910156,71.2173264347572,70.25634678306962,70.96339057806107,4253600.0
2023-11-28,67.84639739990234,70.4903520038243,67.82150754371838,70.40569914130855,5167900.0
2023-11-29,67.42814636230469,68.55643330636471,67.17918702367663,68.01569435223765,3762900.0
2023-11-30,68.17501831054688,68.39410372466251,66.11363547407711,67.42814036113558,3324600.0
2023-12-01,69.12107849121094,69.37999074832267,67.87428354641351,68.0654856669157,1898700.0
2023-12-04,69.08125305175781,69.47460553804713,68.48374444820504,68.60324768844309,1478700.0
2023-12-05,67.6472396850586,68.76258038733422,67.43811472793884,68.62316374925439,1896200.0
2023-12-06,67.7667465209961,68.39412142572354,67.58251141273408,68.10532763215896,1579700.0
2023-12-07,67.10948181152344,68.00573699149591,66.72110583314144,67.81652545415827,2089200.0
2023-12-08,68.23477172851562,68.34431444458485,66.77089720925916,66.90035332932462,1893700.0
2023-12-11,70.83390045166016,71.01315145953893,68.8023915615791,68.87210746240967,3051300.0
2023-12-12,71.7500991821289,72.09365675805029,70.9434655927528,71.00322101270065,2407200.0
2023-12-13,73.87122344970703,73.96084517468172,72.21812961111806,72.30775893372967,2628600.0
2023-12-14,75.60398864746094,75.98241179734305,74.03056341854823,74.03056341854823,4271300.0
2023-12-15,74.69776153564453,76.27117876990836,74.17494540887348,76.06205383872714,5699300.0
2023-12-18,74.74755096435547,75.2006587935835,74.23967937321264,74.6878031530766,1945800.0
2023-12-19,75.37493896484375,75.52430850412155,74.68780869361868,74.8272253287025,2441800.0
2023-12-20,75.1259765625,76.27118350468436,74.56830244709468,75.04630774635118,2162200.0
2023-12-21,76.86868286132812,77.28693269977713,75.7633028614018,75.7633028614018,2992100.0
2023-12-22,77.25707244873047,77.38652858418298,76.66952439292027,76.97823917382539,2197800.0
2023-12-26,77.81474304199219,77.99897055156234,77.25707646320426,77.37657210286606,1413900.0
2023-12-27,77.34669494628906,77.96411691662864,77.05790116649976,77.75499195836129,1365000.0
2023-12-28,77.21723175048828,77.64045808056369,76.92843799709996,77.5060255038766,1569500.0
2023-12-29,76.9981460571289,77.31681371540053,76.54006177321573,76.83881602681123,1786900.0
2024-01-02,76.0521011352539,77.08777289070612,75.38986838595648,76.26122606698425,2003100.0
2024-01-03,75.79319763183594,76.36082473962001,75.12100423683269,75.92265378005418,2692400.0
2024-01-04,76.25127410888672,76.62968960903666,75.53426992111893,75.68364705984337,2395900.0
2024-01-05,76.30106353759766,77.12760279688442,75.27534464414327,75.68364162080516,2377700.0
2024-01-08,77.0379867553711,77.12760848018688,75.99235438003222,76.67948466083416,1880600.0
2024-01-09,76.34089660644531,77.33673397873308,74.09030201773683,76.6894381672188,3507200.0
2024-01-10,75.85294342041016,76.29111436822616,74.56831208510751,76.02223397837999,3020600.0
2024-01-11,75.93260192871094,76.00728669483215,74.46871973164379,75.88280701953917,2305500.0
2024-01-12,75.88279724121094,76.18166912378325,75.11570389019596,75.9923830914456,1888300.0
2024-01-16,74.68731689453125,75.61381051029356,74.25893796249863,75.61381051029356,2831600.0
2024-01-17,72.4756851196289,73.96006472105131,71.74843435078505,73.96006472105131,3766900.0
2024-01-18,73.24278259277344,73.48188312269089,72.14693176618023,72.47568929434635,2421500.0
2024-01-19,73.83056640625,73.84053082909558,72.92399394299309,73.16807289863019,3704600.0
2024-01-22,74.35856628417969,75.16550971455531,73.89033722189293,73.99992307053995,2414900.0
2024-01-23,73.39222717285156,74.44823563619956,72.4109404841437,74.34860660334606,2850400.0
2024-01-24,71.28021240234375,73.42209940539935,71.04111188800711,73.36232807712854,3594400.0
2024-01-25,72.59524536132812,72.82437388669433,71.1507080466438,72.0572805269589,2126500.0
2024-01-26,72.87417602539062,73.0136475216568,72.19673978611497,72.72474010778357,2334500.0
2024-01-29,74.09954071044922,74.1393907988873,72.22663215762219,72.63508986364221,2160100.0
2024-01-30,73.72098541259766,74.23902142527466,72.84430616013344,73.45200678307131,1673900.0
2024-01-31,73.0833969116211,74.18921226744892,72.67493916729374,73.6512474240223,3129600.0
2024-02-01,74.06966400146484,74.8467218184086,72.71479123323486,73.08339889539224,2593600.0
2024-02-02,73.63131713867188,74.0796173195098,72.24655130762102,73.75085979989426,2446600.0
2024-02-05,73.1332015991211,73.29259434577524,72.33621506396969,72.94391558688159,3365700.0
2024-02-06,81.65096282958984,82.79662818942877,76.27132240994032,76.46060843305025,12511200.0
2024-02-07,81.52144622802734,82.19689109844569,79.86770192580467,81.7306534709664,4278100.0
2024-02-08,81.75059509277344,81.83029528155986,80.13271774342536,81.22259464316308,2483800.0
2024-02-09,81.0333023071289,82.43798952313561,80.3060590426117,81.97972487411558,2755000.0
2024-02-12,82.85639190673828,82.99586340548537,81.08310490784537,81.31224099900223,2304300.0
2024-02-13,81.99964904785156,82.40511975099012,80.8539911847012,82.03949914057571,2529800.0
2024-02-14,82.85639190673828,83.12537808334096,82.02951973514725,82.28854149023182,2214800.0
2024-02-15,85.30711364746094,85.41669948034121,83.60854843906979,83.62349127076924,2346100.0
2024-02-16,85.69564819335938,86.96086376629731,83.17518907011748,83.19511791413139,13131800.0
2024-02-20,86.06425476074219,86.48266927245112,85.25731140235683,85.60599016211428,6372600.0
2024-02-21,84.65958404541016,84.88871256808031,81.750588204832,82.68704634259966,5838000.0
2024-02-22,87.30953979492188,87.76780438473355,84.68447332441605,85.12779508199894,4154900.0
2024-02-23,88.7341537475586,89.39166881018599,86.90607368192356,87.07045244758042,3815600.0
2024-02-26,90.2783203125,90.36797731948292,88.45521849756823,88.60465444316766,3805100.0
2024-02-27,92.17115783691406,92.23093678042655,89.15158772887868,89.67062705164085,3993400.0
2024-02-28,92.66925811767578,93.60472053071419,91.65310744463092,91.9021648018174,3431900.0
2024-02-29,90.9358139038086,92.98804393377951,88.534905121264,92.95815826936273,6144000.0
2024-03-01,92.37039184570312,92.70910619582814,90.23347551104628,90.70669055993739,2696200.0
2024-03-04,92.38036346435547,93.1474568233302,92.0765131674842,92.58957074407584,2615200.0
2024-03-05,91.46381378173828,93.1474438078998,91.17490635945676,92.37038613447963,2804900.0
2024-03-06,92.74897003173828,93.72527833971857,91.1051897461929,91.21477560527114,2521200.0
2024-03-07,92.31061553955078,93.19725905607665,91.64313609625879,92.84857270186555,3014400.0
2024-03-08,93.51605224609375,94.14367400322293,92.14125087243919,92.45008714077017,2853900.0
2024-03-11,92.64933776855469,93.70533854102776,91.78261542094556,93.45628118143487,2123200.0
2024-03-12,91.47378540039062,92.15122171268192,91.35423513329428,91.8423930234672,3042200.0
2024-03-13,88.14639282226562,89.02805049050072,86.22366951086573,87.22985587128832,14434500.0
2024-03-14,87.99695587158203,88.70427792309407,87.42910534568486,87.7678197362844,4859000.0
2024-03-15,89.0728759765625,89.39166908652962,87.59845309257251,87.91724620253964,7314600.0
2024-03-18,90.2683334350586,90.6170121543049,89.1565442615115,89.56101157583721,2843900.0
2024-03-19,90.43769836425781,90.65687003538869,90.01928386516796,90.25837677884407,2996500.0
2024-03-20,90.54729461669922,90.76646631304438,89.81008694768806,90.1388444922058,2016900.0
2024-03-21,90.85612487792969,91.83243310553719,90.77643229658376,90.90593939182011,2754900.0
2024-03-22,89.39167022705078,91.55348626911687,89.03302702368354,91.11514288708418,6178000.0
2024-03-25,87.94712829589844,89.76026546029019,87.91724263065122,89.47135802852216,2436000.0
2024-03-26,88.7341537475586,89.0061269926457,87.36931671189784,88.14638204062857,2845200.0
2024-03-27,89.9694595336914,90.34803150635283,89.37670192439333,89.62078082252367,2629100.0
2024-03-28,90.56720733642578,90.80630023503683,89.31195631762193,89.85987786029834,2108000.0
2024-04-01,89.19241333007812,91.11513629772573,88.85369899618644,90.96570037369187,1958200.0
2024-04-02,87.77777862548828,88.90351518286924,87.52872125964605,88.51498630020556,3010700.0
2024-04-03,88.69429779052734,89.71045598360482,87.77776861292445,87.91724011383677,4403900.0
2024-04-04,87.62833404541016,90.49747188078018,87.53867705084869,89.81007878726166,2728200.0
2024-04-05,88.13641357421875,89.16252860915112,87.51874862863357,87.62833446737655,1592500.0
2024-04-08,87.37928009033203,88.51000259175734,87.28962309229608,88.39543833850236,1692400.0
2024-04-09,86.61219787597656,87.90729170617834,86.12403993322927,87.79770584969451,4172700.0
2024-04-10,85.0680160522461,86.37307395293001,84.91858014285933,85.05805163145335,2926100.0
2024-04-11,87.87739562988281,88.58471760120841,85.28720067558257,86.15392300132774,3071000.0
2024-04-12,85.95468139648438,87.19996829108024,85.73053127558272,86.74170362594433,2227900.0
2024-04-15,85.80524444580078,87.57853934750005,85.1975438402928,87.26970303282404,1983600.0
2024-04-16,85.55616760253906,86.11406116628052,85.02816730164407,85.5063606990473,1868200.0
2024-04-17,84.86878204345703,85.92478273824237,84.8388963786049,85.7454611485027,1711600.0
2024-04-18,84.6794204711914,85.83046938105022,84.33061892324987,85.04815027759953,1815300.0
2024-04-19,84.2010726928711,85.31724543598355,83.81240695978738,84.70933080663625,2022700.0
2024-04-22,84.02169036865234,84.7890615279065,83.89213765495586,84.51998056436881,2113700.0
2024-04-23,85.94508361816406,86.35368519395963,84.50004521313515,84.69935823337902,1951300.0
2024-04-24,86.42344665527344,86.9815292019865,85.50659458472927,85.81553205118765,2020300.0
2024-04-25,85.65608215332031,86.37860902440083,84.45022078432638,85.7059142145345,1362900.0
2024-04-26,85.94508361816406,86.60283027091664,84.86878266422109,85.06809568446496,1790600.0
2024-04-29,88.6358642578125,88.87504142771706,86.0048925789468,86.0048925789468,4353000.0
2024-04-30,75.97927856445312,82.01856024311905,75.8198296730645,80.76286695897804,14433600.0
2024-05-01,77.99237823486328,78.85939825006922,76.23839473682928,76.25832299784246,5303300.0
2024-05-02,77.56385040283203,79.09858505299269,76.92603958761003,78.91920028600497,2995700.0
2024-05-03,79.19823455810547,79.78621326250885,78.23155048840796,78.23155048840796,2722700.0
2024-05-06,79.52710723876953,79.72642024806814,78.38103842704277,79.327786626167,2389700.0
2024-05-07,81.15153503417969,81.40068011194602,79.39755155777954,79.72642488522413,3225500.0
2024-05-08,80.83262634277344,81.29603251893704,79.97556670194004,80.73296983639133,2748400.0
2024-05-09,82.44709014892578,82.47698634088381,80.882459408921,81.22129305551752,1952700.0
2024-05-10,83.11479949951172,83.19352411304658,82.42715665152139,82.88558268241349,1856300.0
2024-05-13,80.75289916992188,83.71274382897502,80.30444108358832,83.60311938950608,1885300.0
2024-05-14,80.2446517944336,81.4106566602986,80.02541048957092,80.72301373982759,2500700.0
2024-05-15,81.62989807128906,81.95876380003149,79.86594663816796,80.91235902075196,1956200.0
2024-05-16,81.03193664550781,81.68469548427942,80.62334270201498,81.22128932361395,1627100.0
2024-05-17,81.58006286621094,81.59999112648833,80.14498482050465,80.72300321150348,1321000.0
2024-05-20,81.47044372558594,82.38729582406546,81.19140244372736,81.68969261941902,1248500.0
2024-05-21,81.65979766845703,81.71959005739271,80.82266620683353,81.47044496575431,1150200.0
2024-05-22,80.34431457519531,81.60996833758365,80.0951694752263,81.29106291375552,1633600.0
2024-05-23,79.05873107910156,80.70309038710175,78.95907455204517,80.70309038710175,2034900.0
2024-05-24,79.57694244384766,79.98554405242525,78.64016204957858,79.56697451104444,1433900.0
2024-05-28,78.48070526123047,79.44738945050076,78.23156016516307,79.09858783666739,1854800.0
2024-05-29,78.18173217773438,78.65012619927224,77.64358543310081,77.80303434917234,2397000.0
2024-05-30,78.30131530761719,78.66008483048292,76.67689212591723,77.73326483029719,2750100.0
2024-05-31,77.73326873779297,78.46077575220335,76.64699978578705,78.46077575220335,7002100.0
2024-06-03,76.88617706298828,78.53053619408139,75.98925320936434,77.79306124593235,3059500.0
2024-06-04,77.25491333007812,77.55389050714153,75.98925950089468,76.78652690419345,1967200.0
2024-06-05,76.69682312011719,77.51401870614431,76.35798944939349,77.1951132970436,2637500.0
2024-06-06,76.73668670654297,76.88617527922963,75.50092920538887,76.38788510581053,2474900.0
2024-06-07,76.07894134521484,76.76658422949602,75.65041908782777,76.45764674968495,2357000.0
2024-06-10,75.52086639404297,75.75008324636507,74.96278376690121,75.71021911538273,2115500.0
2024-06-11,74.48441314697266,75.29164839981921,74.255203924579,75.29164839981921,2655600.0
2024-06-12,75.71021270751953,75.96932573532153,74.75349645483317,74.94284155684184,3081600.0
2024-06-13,76.72671508789062,77.06555634325476,74.88304305547824,74.9129392479183,2530200.0
2024-06-14,76.22842407226562,76.34801644397132,74.85314601251902,75.93941487645502,2576800.0
2024-06-17,77.28482055664062,77.59375807754472,75.70025361324585,75.99923080356359,2190500.0
2024-06-18,78.0023422241211,78.45080795265962,76.90610533764608,77.04562598119901,2032500.0
2024-06-20,79.16835021972656,79.82608933674305,77.58378341378227,77.73327199597401,3408100.0
2024-06-21,78.89926147460938,79.82608146888231,78.22158655833127,79.55700813010182,5115500.0
2024-06-24,78.58035278320312,79.36765210904352,78.39100770211527,79.05871465834436,2270100.0
2024-06-25,78.54048919677734,79.00888314349281,78.10199904514712,78.70991362237731,1798500.0
2024-06-26,77.73326873779297,79.01885832546843,77.6983847753115,78.59032846290994,2426200.0
2024-06-27,78.55046844482422,78.82950974605366,77.62364834956628,77.743240737224,2192600.0
2024-06-28,77.65353393554688,79.37562910731731,76.96589870955867,78.93912341481759,9422500.0
2024-07-01,75.99920654296875,78.08205546649292,75.9593424234315,78.08205546649292,3081400.0
2024-07-02,76.0689697265625,76.44766747152532,75.42119106537838,75.99920941556137,2171300.0
2024-07-03,76.97586822509766,77.08549267772952,76.04904814585875,76.10884814030663,1346700.0
2024-07-05,76.79647827148438,76.98583096841237,76.28822777442171,76.9359989102825,1689500.0
2024-07-08,76.08891296386719,77.37450260822244,76.04904883497574,76.73669175256939,1662000.0
2024-07-09,76.60713958740234,76.73669230475296,75.48099884720428,76.08891351138946,2152500.0
2024-07-10,78.86937713623047,78.94910539796541,76.66693522811495,76.66693522811495,2475300.0
2024-07-11,79.66664123535156,80.443972746691,78.91920592009362,78.91920592009362,2540600.0
2024-07-12,80.00546264648438,81.04688720107417,79.66662900517066,80.01543057808303,2579000.0
2024-07-15,79.915771484375,80.354261617565,79.57693025072875,79.97556386542277,2483200.0
2024-07-16,82.3573989868164,82.67630439263613,79.91578018631894,80.17488560127553,3524300.0
2024-07-17,82.18798828125,83.33405728250312,81.67973013919242,82.30757306528342,2567800.0
2024-07-18,80.70307159423828,83.21943063049098,80.61337541846062,81.66974804521706,3233900.0
2024-07-19,80.19462585449219,81.13674289401168,79.66624379930752,80.98221692762237,2428200.0
2024-07-22,80.98221588134766,81.13175223003655,79.85565801374801,80.83267192653727,2439400.0
2024-07-23,80.57347869873047,80.96228849374423,80.25445508215192,80.63329324992552,1529000.0
2024-07-24,79.44692993164062,81.24143496133888,79.38710777303115,80.7529317017465,2517000.0
2024-07-25,79.67621612548828,80.81273814542807,79.48680085957992,80.1647269421863,2512400.0
2024-07-26,80.25444793701172,81.43882766686328,79.75597310510481,80.49371372661278,2532900.0
2024-07-29,81.79972076416016,82.20746975817967,80.27438143029829,80.43389702316833,2790400.0
2024-07-30,82.39788818359375,83.82352645428979,80.75291977800262,82.28822311614621,5269100.0
2024-07-31,84.3718490600586,87.98080965611109,79.75597475908087,79.85566820630524,8043400.0
2024-08-01,83.14559936523438,84.7407172271085,81.96919851595435,83.8434610528912,3561600.0
2024-08-02,83.18547821044922,83.27520002475379,80.54854222248767,82.54743106609916,2986200.0
2024-08-05,81.27133178710938,82.11874507102249,79.49676263438616,81.71996369143788,3589100.0
2024-08-06,81.3012466430664,82.67703441582321,80.92240090981119,81.85953601065661,2686700.0
2024-08-07,79.09797668457031,82.40785661959426,78.53968734908277,81.97916799238155,2401200.0
2024-08-08,82.06890869140625,82.1486665022944,79.43696178108516,79.67622760762612,1632600.0
2024-08-09,83.14559936523438,83.21538553400006,81.06696033186876,82.06889195617362,1584300.0
2024-08-12,82.1187515258789,82.9462140163652,81.46076105692534,82.9462140163652,1564400.0
2024-08-13,83.91324615478516,84.23226972310391,82.26827779065452,82.93623980448724,1766200.0
2024-08-14,83.21539306640625,83.97307697167545,82.49758806205887,83.93319807075363,1904600.0
2024-08-15,85.03981018066406,85.67785736312923,83.71386528961642,83.71386528961642,2319400.0
2024-08-16,84.54134368896484,84.89027458786146,83.90329644351873,84.67094442109126,1341700.0
2024-08-19,85.32891845703125,85.34886170982533,83.89331610687319,84.44163386075303,1439000.0
2024-08-20,83.6839599609375,85.4385859504273,83.58425890638615,84.90023980768734,1464200.0
2024-08-21,84.2223129272461,84.38182092202557,83.28517778725329,84.38182092202557,984300.0
2024-08-22,84.1126480102539,84.52139342761424,83.69392336016544,84.52139342761424,944800.0
2024-08-23,84.52140045166016,85.30899168426077,83.69393031544548,84.74073061847591,1511800.0
2024-08-26,84.2322769165039,85.15944042956622,83.91325332094065,84.38182089076346,1475100.0
2024-08-27,84.15251922607422,84.44162791613435,83.77367351088044,84.27214830992756,1208100.0
2024-08-28,83.67398834228516,84.16249156391886,83.0758200455325,84.16249156391886,1131300.0
2024-08-29,83.82353210449219,84.74072399758488,83.424750705632,83.99301172701796,1264700.0
2024-08-30,84.56127166748047,84.62108621440201,83.33502021273162,84.19239754717856,1838600.0
2024-09-03,84.54134368896484,85.30600246014465,84.07277607925091,84.30207026733021,1963900.0
2024-09-04,87.28294372558594,87.45242333833632,83.95312798420395,83.95312798420395,2008000.0
2024-09-05,87.02373504638672,88.23004319885676,86.41559515709126,87.13340011534964,2321000.0
2024-09-06,84.8304443359375,87.482334126788,84.75069414245785,86.96392364161943,2696500.0
2024-09-09,84.86036682128906,86.19627585680831,84.46158539365896,85.09963263541788,1659600.0
2024-09-10,85.2890396118164,85.46849084046204,84.58119871662628,84.95007279943167,1558900.0
2024-09-11,86.92403411865234,87.14336423769203,82.88638537918565,84.99992117360627,2630300.0
2024-09-12,87.1932144165039,87.20318604259693,85.7775477561795,86.75455414187635,1393200.0
2024-09-13,86.6448974609375,86.88416324647355,85.44855332101291,86.3458095244258,10515100.0
2024-09-16,86.37572479248047,86.98386474185894,85.59312320242243,86.88417128916734,4680200.0
2024-09-17,86.5252685546875,87.92099970719141,86.08660823661182,86.3757245729687,3144200.0
2024-09-18,88.25995635986328,89.41642167113355,86.72964251452234,87.1533415764012,3508400.0
2024-09-19,90.34358215332031,90.51306177235072,88.49921917239543,89.3964753997952,3128100.0
2024-09-20,90.00460815429688,90.85201378820749,89.32170011617649,90.07439432165135,9492300.0
2024-09-23,90.60277557373047,91.33453772547013,90.05445786548928,90.22393746952083,2908800.0
2024-09-24,91.92872619628906,92.05832691241945,89.52608149804296,90.72241803406527,3537800.0
2024-09-25,92.72628021240234,93.24469063415312,91.86890298687024,92.50695009338881,4044700.0
2024-09-26,92.20785522460938,92.43715695157606,89.10734173503045,90.74233827283865,5273200.0
2024-09-27,91.70939636230469,94.26159264371412,91.6097029183242,92.39729405617784,12623800.0
2024-09-30,93.56372833251953,94.03229591104694,92.10818267533985,92.2278193781945,3977300.0
2024-10-01,91.39037322998047,93.5338165137141,90.87196275504414,93.5338165137141,2615400.0
2024-10-02,90.76229858398438,92.19790853822691,90.69251241154882,91.35049523649509,1763400.0
2024-10-03,89.6058349609375,90.56290574592394,89.24693246580227,90.23391813048539,2592900.0
2024-10-04,91.1411361694336,91.190986694925,89.64571167815866,90.36351665095019,1988600.0
2024-10-07,89.7852783203125,91.02150129766731,89.4413294921824,90.72241337595719,2623400.0
2024-10-08,90.41336822509766,90.73936663024615,89.58589817152547,89.96473630883837,2075400.0
2024-10-09,90.49311828613281,90.74235570387222,89.72048837603852,90.52303316540433,2122900.0
2024-10-10,89.97470092773438,90.58284078903208,89.5210870366461,90.02455144992145,2269300.0
2024-10-11,90.7523193359375,91.33055191962589,90.11427221121987,90.40338850306406,1372100.0
2024-10-14,91.34053802490234,91.51998928255924,90.29373775421662,90.77227697667598,1342800.0
2024-10-15,90.43331146240234,91.6745166469416,90.33361800801771,91.60971247883623,2474300.0
2024-10-16,89.94480895996094,90.84206526913371,89.69058190212353,90.76230746251323,1823100.0
2024-10-17,90.54296875,90.64266219580288,89.98467936860597,90.46321095090875,1711100.0
2024-10-18,91.09147644042969,91.33082892129966,89.7401674154609,89.81496031033508,1609500.0
2024-10-21,89.55567169189453,91.20117622046361,89.27642713558933,90.64270232512555,1675400.0
2024-10-22,89.06698608398438,89.31630583686407,87.45638261079925,89.01712669858945,2210200.0
2024-10-23,89.04704284667969,90.11413107261762,87.87025332202184,88.40878489520102,2116600.0
2024-10-24,88.65811157226562,89.73517480277664,88.35892480535627,89.31631180737644,1291700.0
2024-10-25,88.1794204711914,89.40607717146396,88.05975184291628,89.01713891229765,2035500.0
2024-10-28,85.69618225097656,86.72836202909332,84.66898612860447,86.42419924733909,4223700.0
2024-10-29,85.0379867553711,86.46409619361513,84.77869966378914,85.42693261001567,3762300.0
2024-10-30,86.96273803710938,89.91469098957225,85.56655332685318,89.48586065466898,4700400.0
2024-10-31,87.11231994628906,87.90515493266167,85.76599480537357,85.88567102560596,3259500.0
2024-11-01,86.71341705322266,88.19936843073953,86.48404711483812,86.97271175667275,3383300.0
2024-11-04,86.75330352783203,87.68077336042406,86.3145059141466,87.36164436472762,1431700.0
2024-11-05,87.93009185791016,87.95004169971088,86.57379174360273,86.57379174360273,1656200.0
2024-11-06,86.54387664794922,89.75511647706593,84.84351400417229,89.67533232523601,4163100.0
2024-11-07,88.08966827392578,88.63816723581674,86.69945634392391,86.87298650558307,2497300.0
2024-11-08,85.7061767578125,88.86754999113077,85.60644275104872,88.55839587434517,10190500.0
2024-11-11,85.15765380859375,86.91286699152849,84.24015894812321,86.7632736187347,4367000.0
2024-11-12,84.6889419555664,85.67625377320753,84.48948917287467,85.18758152093169,3918900.0
2024-11-13,83.9509506225586,85.17261593546935,83.02846445907183,84.8883953630848,3014800.0
2024-11-14,82.69438171386719,84.45956999382638,82.47497909297863,83.42239880966687,3061100.0
2024-11-15,81.53752899169922,82.59464224276002,81.29817656574863,82.58466732285343,3768400.0
2024-11-18,82.49492645263672,83.25784433771969,81.66219933652117,81.67715791398275,2918000.0
2024-11-19,82.29546356201172,83.00353838056239,81.48766996918235,81.77688180567769,2513600.0
2024-11-20,84.66899871826172,85.05793696595069,82.18577584256231,82.27552731112014,6103400.0
2024-11-21,81.77688598632812,85.02801797425137,81.61731767859992,84.36981011782603,4930600.0
2024-11-22,82.2156982421875,82.3553167190502,80.3408085095118,81.73700088677515,5934900.0
2024-11-25,82.43509674072266,83.27280755983804,81.6771624696402,83.13318908998548,5272900.0
2024-11-26,82.2854995727539,83.20299450643108,82.16582334324295,82.55476157835905,2040900.0
2024-11-27,82.774169921875,83.67670634038836,82.49293951299714,82.62457652679498,1808000.0
2024-11-29,82.99356842041016,83.2827802741924,82.6644644893508,83.02348557620905,1277700.0
2024-12-02,82.85395050048828,83.02348612355688,82.16582547803408,82.66446503433173,2247000.0
2024-12-03,82.3453369140625,82.83400155410611,81.8107921996014,82.25558544510253,2026700.0
2024-12-04,82.78414154052734,82.98359432025121,82.27552706100492,82.39520329402073,1932700.0
2024-12-05,81.34307861328125,83.1032757543002,81.13863455565584,82.53482692701131,2269200.0
2024-12-06,81.0189437866211,81.74696080403443,80.25104230482765,81.1485949260787,3177200.0
2024-12-09,81.67716217041016,81.8965647961278,80.83944374572785,81.13863052782209,2372600.0
2024-12-10,82.13590240478516,82.77416038217375,81.42284393415922,82.19573671246681,3124600.0
2024-12-11,82.52484893798828,83.10327266598279,81.55748695359928,81.82675658257149,3890100.0
2024-12-12,81.40788269042969,82.39519438664571,80.6200313610106,82.10598256126642,2370000.0
2024-12-13,80.87933349609375,81.2682717364405,80.40064378888346,81.17852026957696,2836000.0
2024-12-16,80.07154083251953,81.55748457929705,79.8720804448957,80.5402632326408,2908800.0
2024-12-17,79.03437042236328,80.61007326127292,78.99447834444503,80.12140101325119,3557100.0
2024-12-18,76.88024139404297,80.15132320041555,76.77054769409048,79.15404411044035,3264100.0
2024-12-19,77.21932220458984,77.96728154108969,76.74062488143018,77.09964597164097,3384400.0
2024-12-20,78.69529724121094,78.81496586339222,76.68178593456402,77.35893929397967,11179900.0
2024-12-23,79.06427764892578,79.13408687435638,77.31903940452571,78.56563815052576,2495700.0
2024-12-24,79.1440658569336,79.57289615191338,78.52076645194175,79.32357638991665,1035700.0
2024-12-26,79.49311065673828,79.96183301874159,78.76010996018165,78.88476983907039,1622000.0
2024-12-27,79.29365539550781,79.65267644408583,78.67533967659347,79.10416995080415,1533000.0
2024-12-30,78.38613891601562,78.94462040852852,77.38885977558633,78.90472832987503,1850600.0
2024-12-31,77.96727752685547,79.05430805445638,77.75784983645444,78.78504605497946,1877800.0
2025-01-02,78.16673278808594,78.70526441284314,77.50853254136204,78.70526441284314,2658500.0
2025-01-03,80.30091094970703,80.40064494806316,78.17670917498471,78.33627748544586,2712600.0
2025-01-06,81.49765014648438,82.17580024612826,80.20118425907712,80.30091064842327,3746500.0
2025-01-07,83.1431655883789,83.21297482462899,81.22838383519536,81.6572141746276,3382000.0
2025-01-08,86.02529907226562,87.06247027071257,84.0606579873272,84.41967907942944,4432600.0
2025-01-10,84.52937316894531,85.8358062705255,84.17035210751888,85.1476813013523,3792000.0
2025-01-13,85.12774658203125,85.31224078509658,83.66872978100014,84.90834395750173,2903800.0
2025-01-14,83.93550109863281,85.7912016616954,83.62622020870788,85.69143436930895,2821300.0
2025-01-15,83.46659088134766,86.0505994309052,82.66843734917012,85.02298189616205,4148700.0
2025-01-16,84.80349731445312,85.15268666339655,83.18624254407032,83.56636607315775,2115900.0
2025-01-17,84.54409790039062,86.14039753511607,84.38447174279662,86.14039753511607,2855000.0
2025-01-21,87.13807678222656,87.41743584981427,84.44432190184494,84.94316596204571,2861800.0
2025-01-22,87.12810516357422,88.06592681841182,86.55243564858145,87.01835886166403,2381200.0
2025-01-23,87.95619201660156,88.46500749876282,86.65919436128361,87.1281090153102,1696900.0
2025-01-24,88.46501159667969,88.57475790852523,86.8188245307535,87.30769723324981,2008400.0
2025-01-27,88.78427124023438,89.48265755085599,87.96616721652562,88.67452492873322,2376800.0
2025-01-28,87.57706451416016,89.11350517725587,87.49724763540691,88.54482323671289,2406800.0
2025-01-29,87.64689636230469,88.4051414348865,87.33761549306668,87.58703751322791,1336100.0
2025-01-30,89.34297943115234,89.54251402215361,88.20561551658028,88.34529125263252,1618700.0
2025-01-31,88.09586334228516,89.59239551042076,88.01604646649642,88.92393869038546,1775500.0
2025-02-03,87.30768585205078,88.28541590607519,86.16034303980274,87.20791856658485,2142300.0
2025-02-04,86.72903442382812,87.82648990747347,86.5594292588139,87.48727957744504,2488900.0
2025-02-05,86.9684829711914,87.58705242674775,86.10049906476182,86.80885680922165,2346900.0
2025-02-06,88.34529113769531,90.53022306981654,87.16302547169288,87.30769451997381,3252700.0
2025-02-07,87.4374008178711,89.15342588849211,87.2957307862251,88.59472288382761,1671400.0
2025-02-10,87.29771423339844,88.07590978239796,86.66418011881278,87.79655831473214,2036400.0
2025-02-11,86.82879638671875,87.77660467345967,86.53448021637428,86.60930378112072,2392400.0
2025-02-12,85.70140838623047,86.46962486575613,85.30233162819181,85.74131682320993,3656300.0
2025-02-13,93.26387786865234,94.58082572812857,89.43275197905898,89.79192026907572,7832700.0
2025-02-14,91.99681854248047,92.99450663982232,90.96920102009935,92.98452762755718,3946400.0
2025-02-18,92.45576477050781,93.044404773646,91.91202652184072,92.03673754832897,3262700.0
2025-02-19,92.30609893798828,92.9346473075765,91.3882277200174,92.06665592716024,3284000.0
2025-02-20,91.8770980834961,92.92467368574019,91.32837416802826,92.11654871997027,2341200.0
2025-02-21,90.8794174194336,91.52791629272915,90.22094714428097,91.32838169098765,2854700.0
2025-02-24,90.3606185913086,91.48800349988073,90.16208113919303,90.43045645977313,2769000.0
2025-02-25,90.60005950927734,91.17872046976397,89.80191354713813,90.8794109766139,2310900.0
2025-02-26,90.50029754638672,91.43812690919351,89.94658027967206,90.16108720514165,1845500.0
2025-02-27,89.19332122802734,91.9848491724633,89.07359591100888,89.90167889393459,3926200.0
2025-02-28,87.14805603027344,90.05133212213214,85.69143228396088,89.75202264050016,4214400.0
2025-03-03,86.25013732910156,88.77429473680841,86.09051118357343,87.28773391618216,3556300.0
2025-03-04,84.1150894165039,86.4197543265602,82.51878982435373,86.4197543265602,3998900.0
2025-03-05,84.56404113769531,85.29035487064642,83.59628251259151,83.80579608940432,3111100.0
2025-03-06,85.21255493164062,85.67149060162609,83.42669209588327,83.80581088106506,3946100.0
2025-03-07,86.37984466552734,86.73901302015896,84.50418601094957,85.30233960163247,4076700.0
2025-03-10,85.16266632080078,87.13808471648167,84.67380122858276,85.57670784187823,3552100.0
2025-03-11,85.39212799072266,89.02371998226995,84.74363676071181,87.13808231222798,4276600.0
2025-03-12,83.59629821777344,85.8909765937915,83.56137547586584,85.52183681795228,2819700.0
2025-03-13,81.26170349121094,83.92553685688166,80.97238060213654,83.44664315611566,3605700.0
2025-03-14,81.78050231933594,82.1396706774106,80.21512930245018,81.96008649837327,5207300.0
2025-03-17,82.27934265136719,82.70335554653266,81.43130924927974,81.65079424761196,2526800.0
2025-03-18,81.95011138916016,82.18955443536441,81.04221904926717,81.97006941653554,2899900.0
2025-03-19,82.20950317382812,82.43398148001548,81.5909337949561,81.69070108528865,3124200.0
2025-03-20,81.62086486816406,82.48885629626359,81.36147143041555,81.86031550390244,2731100.0
2025-03-21,81.30159759521484,81.64081549254755,79.96469925310946,80.96238730963795,4304400.0
2025-03-24,81.51111602783203,82.59860003232305,81.29163103619986,81.96008024706009,4453600.0
2025-03-25,82.26937103271484,82.69837727869415,81.29164082395272,81.7705269146811,3730100.0
2025-03-26,80.812744140625,82.66844480020212,80.29893532694305,82.20950914195014,2859100.0
2025-03-27,81.4712142944336,82.60857812500451,80.98234164260022,81.20183424354481,3074600.0
2025-03-28,79.82503509521484,81.59892459484725,79.60055677233585,81.23177150054497,3189800.0
2025-03-31,80.5234146118164,80.82272411987651,79.01690328162601,79.51574738722152,4151200.0
2025-04-01,79.38604736328125,80.65310798970269,79.14660433383088,80.1842009437914,2996300.0
2025-04-02,79.17652893066406,79.69532339811553,78.51805112515191,78.59786800068483,2806100.0
2025-04-03,71.83354187011719,76.41292651069428,70.28712229904421,76.35806097349591,9331400.0
2025-04-04,60.370113372802734,63.64951715594839,57.905826022491595,63.213527123609,16890600.0
2025-04-07,60.849002838134766,63.59763099158291,58.71893647526108,60.39006338991659,9299600.0
2025-04-08,58.614173889160156,64.2810424096377,57.91579148164564,63.04390753296531,7418900.0
2025-04-09,64.82978057861328,65.37850450457547,57.516724472139515,57.56660811941987,8488500.0
2025-04-10,62.136016845703125,64.05157626939668,59.55898816818735,63.542756986815036,7636300.0
2025-04-11,62.664794921875,63.44997425825053,60.71830510168513,62.19588026713155,7221500.0
2025-04-14,64.24113464355469,64.63522569639638,63.09379563898752,63.772220029670116,4896000.0
2025-04-15,62.954124450683594,64.65019897263728,62.515143008943504,64.35088946530517,5405800.0
2025-04-16,61.337867736816406,63.547747167656794,60.55967218841661,62.95412149344611,6206900.0
2025-04-17,62.22581100463867,62.694725669257515,61.55736174781286,61.84669223474272,4474000.0
2025-04-21,60.340179443359375,61.662117016168395,59.811405936587086,61.58728964301349,5755100.0
2025-04-22,61.50748062133789,62.19588412678205,60.60955969608156,61.44761795769462,4508800.0
2025-04-23,64.739990234375,66.92492994778969,64.12641408906605,64.35089242400764,6292800.0
2025-04-24,66.92491912841797,67.23420000159304,64.6202544567964,64.88963450458301,6555800.0
2025-04-25,68.29745483398438,70.6931578477504,67.80833457872049,68.87641785532607,5508600.0
2025-04-28,67.94808959960938,68.67678555564463,67.15950353772186,68.20762608452023,3896300.0
2025-04-29,67.96805572509766,68.41725440117897,66.98981504655224,67.75843272255221,5692100.0
2025-04-30,70.20404052734375,72.46997159769387,69.7149126359021,72.37015222122444,12759300.0
2025-05-01,67.54881286621094,70.79299267639945,67.50888358542852,70.19406869612635,8115300.0
2025-05-02,70.4036865234375,71.08246901528535,69.24576792895058,69.7748175328246,7209400.0
2025-05-05,69.24576568603516,70.46357434997357,69.06608774943264,69.80476032625153,5927300.0
2025-05-06,66.96984100341797,68.85646310014874,66.94988017349014,68.3573585789163,5677400.0
2025-05-07,68.69674682617188,69.18586713047307,66.8300931525908,67.35415442935029,5304500.0
2025-05-08,70.37374114990234,71.27213085794091,68.98623111804928,69.36554783222955,6022300.0
2025-05-09,69.74486541748047,71.68138569450288,69.66500686988174,70.62328659387568,5724400.0
2025-05-12,73.9772720336914,77.610752304003,73.37834813712817,76.81218203143166,8031200.0
2025-05-13,73.69776916503906,75.55443843537441,73.53805207627776,74.21683447205338,4751000.0
2025-05-14,72.70953369140625,73.81255789307396,72.58975349570888,73.37833945221169,3849400.0
2025-05-15,72.77942657470703,72.92915184185185,71.42684994089622,72.15054998977568,3448000.0
2025-05-16,72.9990234375,73.09885043283178,71.91596755657854,72.77942384866937,3309100.0
2025-05-19,72.96908569335938,73.15874786460864,71.75126933935486,72.11062523449493,2418500.0
2025-05-20,71.72132110595703,72.86926307480215,71.66143099799794,72.46997791836938,3268200.0
2025-05-21,69.45538330078125,71.36195851009624,69.28568960038157,71.29208418547695,3225900.0
2025-05-22,69.31563568115234,69.98942218947596,68.1008124596583,69.28569062954645,2835100.0
2025-05-23,69.03614044189453,69.23577920238758,68.3174287189507,68.3773188239525,2486600.0
2025-05-27,70.88282775878906,71.2621444614018,69.64504303624707,70.25395117447461,3183800.0
2025-05-28,71.02256774902344,71.3220258621964,70.37373041355393,70.88281910639675,2448600.0
2025-05-29,71.40189361572266,71.87105309751503,70.65323681262355,71.6714143296476,2807600.0
2025-05-30,70.41365814208984,71.21222070878135,69.46535509849848,71.21222070878135,7095500.0
2025-06-02,70.02436828613281,70.3238264398432,69.73488673986783,70.30386560922152,2396200.0
2025-06-03,71.03255462646484,71.17230327431616,69.18586192207367,69.87462855486238,2445300.0
2025-06-04,71.00259399414062,71.42184750638894,70.80295526695896,71.22220116347802,1672500.0
2025-06-05,71.42185974121094,71.85108993233654,70.72310884491804,71.18228408867765,1898800.0
2025-06-06,71.49172973632812,72.32023740000088,70.7530496093826,71.89100723488988,2152700.0
2025-06-09,71.54163360595703,72.85926911509269,71.34698316537097,71.72131152155416,2075600.0
2025-06-10,73.78761291503906,73.98725929925791,71.63148527559142,71.76124971353552,4533500.0
2025-06-11,73.26854705810547,74.02718808160776,72.7095448017576,73.87245927897266,3051600.0
2025-06-12,72.97905731201172,73.66282800917847,72.20045554559967,73.07887668436943,3574800.0
2025-06-13,72.12059783935547,72.65963159522579,71.78121044625009,72.06070773839099,2976900.0
2025-06-16,72.72950744628906,72.98904391547129,71.55162053628385,72.22041873020514,3046900.0
2025-06-17,71.0125961303711,72.57978414288014,70.76803215450475,72.24039669790434,2918100.0
2025-06-18,71.76124572753906,72.04074303418986,70.86285608778263,71.12239256498569,3496300.0
2025-06-20,71.15233612060547,72.47995591500577,71.08745009873672,72.46997169262667,6306600.0
2025-06-23,71.03255462646484,71.25715012367374,69.3655398429868,71.15233482992018,3142300.0
2025-06-24,71.85108184814453,72.16052417818715,71.28210306492407,71.45179675457779,8746500.0
2025-06-25,72.61969757080078,72.71951693778657,70.97265136048208,71.88102511623059,5681100.0
2025-06-26,74.7259292602539,75.15515945160405,72.78940128778156,72.86925983866776,5091900.0
2025-06-27,74.24678039550781,75.43465150601861,73.94732227415328,75.06531144571163,6817100.0
2025-06-30,73.93733978271484,74.44642850138291,73.44023060769817,73.8674654578569,2952400.0
2025-07-01,75.81396484375,76.68739765354312,73.47815961368212,73.6877825741449,3298700.0
2025-07-02,75.9836654663086,76.02359473685651,75.22502455735764,75.6442704745162,2526100.0
2025-07-03,75.93375396728516,76.39292916704396,75.55443731071828,76.0435575602416,1800500.0
2025-07-07,74.47637176513672,76.35300188465942,74.24678035141089,75.47458073385242,3528300.0
2025-07-08,75.06531524658203,76.54266794688445,74.36657197897777,74.5262890777047,3522500.0
2025-07-09,75.37477111816406,75.97369505378433,74.74589451239142,75.71415855591417,2574300.0
2025-07-10,76.36299133300781,77.18152243874547,74.9954422106099,75.37476651874992,2738500.0
2025-07-11,74.99543762207031,75.72612884672776,74.80578309533475,75.53447138297531,1897900.0
2025-07-14,74.31665802001953,74.74089989711334,73.74767918686771,74.6760138741923,2236700.0
2025-07-15,74.25677490234375,74.79580873431543,73.52808651863226,74.65606006851512,4637500.0
2025-07-16,75.31486511230469,76.07350607573014,74.0671038770728,74.30667951756307,6398500.0
2025-07-17,76.10345458984375,76.44284962145024,74.67601536715557,75.15515905420868,3968000.0
2025-07-18,75.82395935058594,76.7173607248831,75.31487059713234,76.7023805824976,3383600.0
2025-07-21,74.02718353271484,75.76406507056744,73.96229751029797,75.58438714487716,3902800.0
2025-07-22,76.3530044555664,76.6424859801288,73.97726977169172,74.02718326810017,4674300.0
2025-07-23,77.11164093017578,77.66065889571169,76.56262296463987,77.46101253745779,2337000.0
2025-07-24,76.63250732421875,77.7155708722587,76.17832798312394,76.86209876235255,2392500.0
2025-07-25,77.50634002685547,77.72604740069957,75.86853111900483,76.65747686180673,3132700.0
2025-07-28,77.63615417480469,78.66477710028357,76.87817297057802,77.26665329043071,3950900.0
2025-07-29,77.61619567871094,78.59488248980573,77.336570875541,78.10553908425833,4524000.0
2025-07-30,71.5443115234375,73.82626315977113,70.22607492123295,73.25202660225675,12910000.0
2025-07-31,71.22473907470703,72.91248421547871,71.01502048158457,72.24337332975954,6427700.0
2025-08-01,69.75669860839844,70.80529915269916,68.99771162032556,70.2959782352499,5128400.0
2025-08-04,70.54564666748047,70.88019829901121,69.81662598360873,70.31595814157176,3251600.0
2025-08-05,70.64551544189453,71.44444998604533,70.41582690341421,70.8951815345411,3726200.0
2025-08-06,69.8665542602539,70.93512476790396,69.48706456511229,70.84524863716148,5171000.0
2025-08-07,71.0050277709961,71.43445371003682,69.91648737854618,70.75536170455855,4233700.0
2025-08-08,71.9038314819336,71.98871703535083,70.91515593243417,71.10489697334157,3025100.0
2025-08-11,72.9024887084961,73.24203088909886,71.82392951269308,71.94377196307234,4130000.0
2025-08-12,74.31061553955078,74.51034535541527,72.95143334216581,73.13219133986053,2338000.0
2025-08-13,75.22938537597656,75.33923906118275,74.21574169637738,74.31061602625583,3067900.0
2025-08-14,73.56161499023438,75.01966393401034,73.15215897561039,74.81992650521674,3122600.0
2025-08-15,73.30196380615234,74.42046298648546,72.96241396983392,73.91114966081416,2926900.0
2025-08-18,73.07225799560547,73.6814437697279,72.61287337595962,73.26200663255602,2292500.0
2025-08-19,73.87120056152344,73.94609733742818,72.60289261537329,72.82259998363263,2949900.0
2025-08-20,73.7713394165039,74.29064153407245,73.52167332514885,73.95109930704771,2156900.0
2025-08-21,73.05229949951172,73.96508018795963,72.872539609841,73.40183050187022,2575900.0
2025-08-22,75.11953735351562,75.4540890130616,73.59657262035502,73.75136438321312,3666500.0
2025-08-25,74.49036407470703,75.00967376069426,73.89915958257856,74.86986137274471,2022000.0
2025-08-26,73.99103546142578,74.80894177944964,73.66148202798048,74.48038646173693,1845900.0
2025-08-27,74.16082000732422,74.3805273930044,73.62154032043777,73.67146896859848,2113000.0
2025-08-28,73.62153625488281,74.40049321985695,73.12220408562203,74.32559644214953,2511900.0
2025-08-29,73.63152313232422,74.0509603150749,73.10222464642945,73.58158686900455,1983000.0
2025-09-02,71.50436401367188,73.21207909195323,71.04497933932754,72.87253687930034,4045600.0
2025-09-03,72.28331756591797,72.56294996337537,71.53431935879414,71.818942334719,3882900.0
2025-09-04,74.02100372314453,74.04097365752149,71.46441782825143,72.38319481288083,2217100.0
2025-09-05,75.62885284423828,75.64882277833058,74.11087880028181,74.15082628767057,3010700.0
2025-09-08,78.05560302734375,78.32523902788712,74.88983149975687,76.03829693449379,6251200.0
2025-09-09,78.60486602783203,78.78462590634666,77.30660701118546,77.83589787036632,3997900.0
2025-09-10,75.88850402832031,79.58356680221547,75.54896179667183,78.60487235832629,4250400.0
2025-09-11,77.85586547851562,78.29528019491686,75.53896467975193,75.83856700806254,4358000.0
2025-09-12,76.33789825439453,77.531301736916,76.2779732179073,77.36652122018246,3254100.0
2025-09-15,77.65613555908203,78.13549014063479,76.39781644889959,76.47771141889295,3196700.0
2025-09-16,77.37651824951172,78.39515254800399,77.20673951709264,78.21539265777542,3384400.0
2025-09-17,76.52764129638672,78.57490612510134,76.0083392214524,77.39648196588487,2925300.0
2025-09-18,73.90116119384766,76.94709047992443,73.6514951087333,76.88716543843809,3841300.0
2025-09-19,74.80995178222656,75.43910759382842,74.2906420419037,74.3605482431928,6294100.0
2025-09-22,74.67012023925781,74.96972255238668,73.67645421848029,74.5103379263382,3155900.0
2025-09-23,74.50035858154297,75.3392405929732,74.37053495966161,74.53031729280757,3143100.0
2025-09-24,73.88118743896484,74.93976914696324,73.57159632837364,74.61020810304545,2320500.0
2025-09-25,71.40449523925781,72.8026267398113,69.69178967500248,72.8026267398113,5017100.0
2025-09-26,72.36321258544922,72.89250343310128,71.62420315396541,72.13352406853036,2679100.0
2025-09-29,72.99237060546875,73.54662960110831,72.34324490071229,72.9024944749778,2914600.0
2025-09-30,74.99968719482422,75.16945829673688,72.6128801340861,72.70276388281889,4089700.0
2025-10-01,75.40914916992188,76.39782476884734,74.11088243335769,74.85988071540521,3579400.0
2025-10-02,76.71739196777344,76.74735067799233,74.510344757601,74.99968813598572,2517100.0
2025-10-03,76.45773315429688,77.84587586337989,76.32790954367024,77.05693780445948,2696300.0
2025-10-06,76.30794525146484,76.5975512027925,75.77864675546955,76.55761133441946,1677100.0
2025-10-07,74.3905029296875,75.38916724789216,74.10088936310366,75.02964748380215,2808300.0
2025-10-08,75.02964782714844,75.07958409096882,73.71141122585402,74.33058584888781,2477900.0
2025-10-09,74.1208724975586,75.18545063049059,73.69144650362645,74.77998703521916,1825200.0
2025-10-10,70.9151611328125,74.44044524352437,69.93646666897746,73.91215244674638,7015400.0
2025-10-13,71.7440414428711,72.73272461033906,71.60422904692284,71.92380132611945,2693700.0
2025-10-14,72.24337005615234,73.00235703915838,70.88519365069423,71.07493468204292,2783600.0
2025-10-15,73.12220001220703,73.84123951495974,72.16348321493803,72.79263897024474,3432900.0
2025-10-16,73.281982421875,74.13584373720141,72.65781724433354,73.7913033401259,1766900.0
2025-10-17,73.95109558105469,74.10088913295688,72.55296401606975,72.90249500251497,2049500.0
2025-10-20,75.37918090820312,75.81160118727684,73.96107188325269,74.25068542992554,2050900.0
2025-10-21,75.99835968017578,76.44776323385116,75.0795902563842,75.14949645995084,1644400.0
2025-10-22,76.03829956054688,77.03696386538117,75.5988848282745,75.91845710105333,2547300.0
2025-10-23,77.15680694580078,77.29661934006641,75.77864531774803,76.21806005355663,2235200.0
2025-10-24,78.07099914550781,78.26083380837622,77.07188217909726,77.51149608356832,2600300.0
2025-10-27,78.28080749511719,79.08010406320639,78.21086961710866,78.55057332647652,4093600.0
2025-10-28,79.32987976074219,79.67956913523697,77.61139755161734,78.05101140678602,5877000.0
2025-10-29,77.31166076660156,78.31577810088262,73.66489028403086,76.672226578703,8765300.0
2025-10-30,74.93376922607422,77.31166475869172,73.8846934078463,77.31166475869172,3474800.0
2025-10-31,74.8838119506836,75.12360550570722,73.45507441496159,74.57408813709976,3275700.0
2025-11-03,74.40424346923828,75.80300877985091,73.57297740173496,74.76392619547175,4442900.0
2025-11-04,74.23438262939453,75.42332645945514,73.83473437764746,74.34428608919139,2489700.0
2025-11-05,75.54322814941406,76.7421653602048,73.24525626896548,74.14446298838696,3732000.0
2025-11-06,74.10449981689453,76.29256830178952,73.95463075499018,75.39336155302054,2554200.0
2025-11-07,72.9854965209961,74.07453034171543,72.63080664844317,73.53500627196787,4401300.0
2025-11-10,73.41511535644531,73.93465280597759,72.14623258689792,73.40512205280318,4400700.0
2025-11-11,73.34517669677734,74.32430700889772,72.75569375067221,73.43509356062921,3672900.0
2025-11-12,74.91378784179688,75.43332527115231,73.22527785674205,73.63491181827398,3034600.0
2025-11-13,73.90467834472656,75.52324284492911,73.85471945064205,74.27434671938664,2708200.0
2025-11-14,73.08540344238281,73.95963073805089,72.43597592678368,73.64490647236012,4407300.0
2025-11-17,70.56761932373047,72.935528967234,70.22792325864862,72.50590842320568,4806100.0
2025-11-18,70.957275390625,71.44684813583515,69.97315230542031,70.41775899912493,3371500.0
2025-11-19,72.24613952636719,72.27611181329677,70.82739537888358,71.17708476415675,4218900.0
2025-11-20,74.68399047851562,75.28345911167126,72.9755014438263,73.0654183086039,8322400.0
2025-11-21,76.38248443603516,77.02691910927365,73.2852235510989,74.82386450148879,8388600.0
2025-11-24,78.1708984375,78.95020834320776,76.43743013223568,76.43743013223568,7118800.0
2025-11-25,79.88938903808594,81.86764391915061,78.0809898288298,78.1709066939132,5949700.0
2025-11-26,80.55879211425781,81.19822631418586,79.63461356439875,79.999289094985,3091600.0
2025-11-28,79.91935729980469,80.61874369117484,79.55967461227876,80.57877810115453,1353300.0
2025-12-01,79.1700210571289,80.21909685166176,78.93023513536544,79.27992452599071,2540800.0
2025-12-02,80.14915466308594,80.65870638925433,79.27992026228769,79.64959623972854,2367800.0
2025-12-03,83.51618194580078,84.03572702695968,80.02926593490832,80.13916940889743,5253900.0
2025-12-04,82.44712829589844,83.62608661518725,81.47799124642985,82.85676990892388,3321100.0
2025-12-05,85.38452911376953,85.48443927895084,82.46710960359586,82.83678559968942,4439300.0
2025-12-08,83.01661682128906,85.81414709798999,82.40116351438384,85.3245819674972,4234100.0
2025-12-09,82.95667266845703,83.56613457023309,82.61697659082805,83.06657613419742,2749300.0
2025-12-10,84.39540100097656,84.79504926295952,82.43713290218228,82.60198809609987,2562000.0
2025-12-11,85.97401428222656,86.11389004164866,84.0607044597621,84.39540771428334,3478800.0
2025-12-12,83.88585662841797,85.92405608277475,83.4862083314085,85.92405608277475,2386900.0
2025-12-15,84.37541961669922,84.98488153883996,83.53616507499153,84.73510231247595,3566100.0
2025-12-16,82.1773681640625,84.42538127493351,81.66781639125436,84.37542237896236,3207400.0
2025-12-17,82.3072509765625,83.48620927358397,82.0374927560647,82.12740962201151,3100800.0
2025-12-18,82.44712829589844,83.40628728672448,82.16737676634813,82.73687312940626,2095100.0
2025-12-19,82.8167953491211,83.56613298899563,82.22732006462833,82.92170597267246,6437600.0
2025-12-22,83.86587524414062,84.10566116642251,82.97666181063234,83.32635120201363,2237700.0
2025-12-23,83.24642181396484,83.93581493086782,83.09155991034918,83.73598697244664,2117000.0
2025-12-24,83.31635284423828,83.76095953402026,83.02660804534064,83.35631843263691,807000.0
2025-12-26,83.53616333007812,83.91083216179801,83.19645962553717,83.47621875625315,1462500.0
2025-12-29,83.07657623291016,83.99576200096736,82.84677597956714,83.49620352406791,1383400.0
2025-12-30,83.25641632080078,83.51618123651673,82.82679573230772,82.92670590163364,1510500.0
2025-12-31,81.94757080078125,83.09655684467344,81.86764723613244,82.99664667186926,1578100.0
2026-01-02,82.74686431884766,83.49620202070489,82.12740907448905,82.50707838859738,3433500.0
2026-01-05,84.96490478515625,85.40451867434768,82.15738864637353,82.71689168886645,2857900.0
2026-01-06,86.6534194946289,87.15797082808119,84.40540627755887,84.72512340796919,2512500.0
2026-01-07,85.68426513671875,87.16295383962043,85.30459584659407,86.25376144924897,2450100.0
2026-01-08,88.08214569091797,89.69071681636316,84.51529119696075,84.95490505288623,4219600.0
2026-01-09,87.23755645751953,88.47195651454808,85.36346822830832,87.55740054361087,2991300.0
2026-01-12,86.85774230957031,87.07763654432395,85.29849574753743,86.52790095743985,1965900.0
2026-01-13,84.72877502441406,87.55740069337267,84.4289254826381,87.07763837625733,2709000.0
2026-01-14,85.2585220336914,85.3684691512277,83.51936269758146,84.11907702075558,3776200.0
2026-01-15,82.46987915039062,84.23901507901748,82.38991622264768,84.16904942366352,5188400.0
2026-01-16,81.71025085449219,82.6597858875426,81.11054411647693,82.64979624031652,6127100.0
2026-01-20,78.79167175292969,79.96110102525975,78.271920325882,79.6012754605913,5702600.0
2026-01-21,81.06056213378906,81.28045637492157,79.13150032615098,79.4113629509798,4418900.0
2026-01-22,81.85018157958984,83.16953944394004,81.17550673815691,81.43038762858862,5526300.0
2026-01-23,79.73120880126953,81.77021777451147,79.5413063734752,81.2204897852224,2340500.0
2026-01-26,80.23096466064453,80.99059723924124,79.48132935465276,79.73120778998336,2915000.0
2026-01-27,80.28094482421875,80.91063574719216,79.77119067189659,80.52082599120602,1969000.0
2026-01-28,79.2214584350586,80.1909879495268,79.0915167729024,79.96109644195505,1985700.0
2026-01-29,78.74169158935547,79.71122114184863,77.63223072265552,79.55129528236391,3697100.0
2026-01-30,78.93160247802734,79.0725327584239,77.96207291525373,78.6217556540961,2724200.0
2026-02-02,80.071044921875,80.19098931382494,78.26192752431606,78.41184848214783,3353200.0
2026-02-03,78.74169158935547,80.80068746327063,78.19196360516733,79.58128710028082,4574200.0
2026-02-04,82.5898208618164,85.49840962073593,79.02655942306362,79.67124245559421,7006500.0
2026-02-05,82.26997375488281,83.93916750139114,81.75022996376865,82.27997102750558,3997700.0
2026-02-06,80.61078643798828,83.45939913481817,80.42087638297134,82.43989845278399,3468900.0
2026-02-09,79.04154968261719,80.46085738647514,78.55178245151082,79.96309843771238,3171000.0
2026-02-10,79.18148040771484,80.54881143386605,79.09152020495807,79.37139046022435,3867500.0
2026-02-11,79.16148376464844,79.45634610827982,78.26192751502649,78.89161841489876,3500200.0
2026-02-12,78.61175537109375,79.79118186223975,76.62272520935656,79.57128762437931,3849900.0
2026-02-13,80.30093383789062,82.05008296188718,78.43983965800213,78.61176072646832,5691900.0
2026-02-17,81.57032012939453,82.6098153748298,80.02107072138281,80.12102819984935,3898800.0
2026-02-18,82.90966033935547,83.13955185113183,80.85066450853611,81.580312882215,2263300.0
2026-02-19,82.96963500976562,83.0396006642759,81.65027722065449,82.49986234704619,2206800.0
2026-02-20,84.18904876708984,87.07764297170996,82.24998960006465,82.75974376137555,5238900.0
2026-02-23,83.81922149658203,84.6688066367629,82.54983479684155,83.87918987979718,2926500.0
2026-02-24,84.0091323852539,85.12858288679288,83.47938370070752,83.81922233559229,2212500.0
2026-02-25,83.9891357421875,84.91868379652983,83.09956915128492,84.05910139678598,2176700.0
2026-02-26,83.87918853759766,84.7187840175975,82.83469854299653,84.14906150911648,2286000.0
2026-02-27,84.22901916503906,84.63882345706745,82.45988320788032,83.17953431780408,3094000.0
2026-03-02,80.12102508544922,82.88967479087133,79.52631318984133,82.88967479087133,3500800.0
2026-03-03,78.09200286865234,79.15149257927749,77.25241501847688,78.25192872145779,4244300.0
2026-03-04,78.98157501220703,79.18148234228137,77.74218006848574,78.46183120538356,2462100.0
2026-03-05,77.07250213623047,78.32688908642373,75.52325284856116,78.04203164683913,3940400.0
2026-03-06,74.23387908935547,76.24290376007637,74.15392378893411,75.68317852870511,2773200.0
2026-03-09,75.59322357177734,75.9430594913251,72.26484851795647,73.31433339954508,2906100.0
2026-03-10,72.69464111328125,75.46329094909224,71.6851300528102,75.10346537557156,4395500.0
2026-03-11,72.61467742919922,73.16440543117619,71.88502901663747,72.53471449686931,2491100.0
2026-03-12,70.29580688476562,72.11492168281478,69.15636177091534,71.65514625316335,4776100.0
2026-03-13,70.73558807373047,71.08542400330442,70.12589167305852,70.95548232922778,4497400.0
2026-03-16,72.13490295410156,72.53071410642588,71.30530474080108,71.83505341512566,3367300.0
2026-03-17,72.30481719970703,73.85406648073906,71.99497039377437,72.68463728510511,3332100.0
2026-03-18,70.2158432006836,72.05494489963249,70.14088271729138,71.46523542845377,4304700.0
2026-03-19,70.34577178955078,70.99545722272428,69.34126326160205,69.40623409262473,4278500.0
2026-03-20,69.61613464355469,70.52568819632867,68.96644917689625,69.83602889002537,5121600.0
2026-03-23,71.61515808105469,72.44475628165036,70.79555715264378,71.88502342456862,3377400.0
2026-03-24,70.92549133300781,71.81505791715826,70.63563144453299,70.84552840673524,6136900.0
2026-03-25,72.16488647460938,73.04945823901876,71.795071284075,72.0949208202636,3563200.0
2026-03-26,71.50521087646484,73.46925163288387,71.32529810578121,71.72510511015422,4860900.0
2026-03-27,69.19634246826172,71.21535695216558,69.11637953555454,71.04544143942657,3526000.0
2026-03-30,68.73655700683594,70.42573767901683,68.40672326593774,69.96096744711932,3776900.0
2026-03-31,71.1453857421875,71.3502878816327,68.68658294589825,69.86600942142084,3496500.0
2026-04-01,71.94499969482422,72.10491792194297,70.9854598293742,70.9854598293742,3351200.0
2026-04-02,70.3499984741211,72.29000091552734,69.80000305175781,70.38999938964844,2750700.0
2026-04-06,70.4000015258789,70.87000274658203,69.84500122070312,70.3499984741211,2327000.0
2026-04-07,69.7300033569336,70.80999755859375,68.94999694824219,70.4000015258789,3213300.0
2026-04-08,73.75,74.12999725341797,72.0,72.81999969482422,4579700.0
2026-04-09,72.91000366210938,73.20999908447266,71.2750015258789,72.73500061035156,3580400.0
2026-04-10,73.18000030517578,73.69000244140625,72.58999633789062,73.41999816894531,2691600.0
2026-04-13,73.83000183105469,73.95999908447266,72.05000305175781,72.62000274658203,2326400.0
2026-04-14,74.66999816894531,75.08999633789062,73.88999938964844,74.08000183105469,2179300.0
2026-04-15,73.51000213623047,75.08000183105469,73.44000244140625,74.62999725341797,3159100.0
2026-04-16,73.19999694824219,74.30000305175781,72.8499984741211,73.5,2685900.0
2026-04-17,74.66000366210938,75.94999694824219,74.36499786376953,75.04000091552734,3461400.0
2026-04-20,74.1500015258789,75.18000030517578,73.86499786376953,74.02999877929688,2245900.0
2026-04-21,72.26000213623047,74.63999938964844,72.08000183105469,74.42500305175781,2720700.0
2026-04-22,71.37999725341797,72.86000061035156,70.91300201416016,72.86000061035156,3558100.0
2026-04-23,69.88999938964844,71.43900299072266,69.2750015258789,70.98999786376953,3291600.0
2026-04-24,68.83000183105469,69.58999633789062,68.5199966430664,69.47000122070312,3587700.0
2026-04-27,70.4800033569336,70.81999969482422,69.0,69.19000244140625,5314100.0
2026-04-28,68.5,70.87999725341797,68.38999938964844,70.69999694824219,5086800.0
2026-04-29,59.48500061035156,62.900001525878906,58.75,62.150001525878906,23475900.0
2026-04-30,60.84000015258789,61.029998779296875,59.18000030517578,59.209999084472656,10031000.0
2026-05-01,61.029998779296875,61.529998779296875,59.810001373291016,61.529998779296875,11978600.0
2026-05-04,61.0,62.52000045776367,60.709999084472656,60.7400016784668,7799000.0
2026-05-05,61.040000915527344,61.47999954223633,60.13999938964844,61.0,7372600.0
2026-05-06,61.73500061035156,62.689998626708984,61.130001068115234,61.81999969482422,5358900.0
2026-05-07,61.34000015258789,62.349998474121094,61.20000076293945,61.83000183105469,3828400.0
2026-05-08,63.470001220703125,63.4900016784668,62.0,62.51499938964844,8357200.0
2026-05-11,61.70000076293945,64.3499984741211,61.4900016784668,63.0,6074300.0
2026-05-12,62.290000915527344,62.790000915527344,61.72999954223633,62.34000015258789,4300000.0
2026-05-13,61.88999938964844,62.34000015258789,61.0099983215332,61.68000030517578,4169700.0
2026-05-14,62.66999816894531,63.2599983215332,62.1150016784668,62.13999938964844,4515600.0
2026-05-15,60.7599983215332,62.63999938964844,60.66999816894531,62.369998931884766,4777500.0
2026-05-18,61.5099983215332,62.560001373291016,60.86000061035156,60.9900016784668,4998100.0
2026-05-19,61.58000183105469,62.38999938964844,61.189998626708984,61.404998779296875,5312200.0
2026-05-20,64.26000213623047,64.38999938964844,61.0,61.93000030517578,8740700.0
2026-05-21,64.33000183105469,65.0,62.72999954223633,64.19999694824219,5107800.0
2026-05-22,64.2300033569336,65.0999984741211,63.90999984741211,64.29000091552734,3181500.0
2026-05-26,64.18000030517578,65.08999633789062,63.5,64.2300033569336,4011300.0
2026-05-27,63.880001068115234,65.62999725341797,63.33000183105469,65.0,3981000.0
2026-05-28,62.86000061035156,63.65999984741211,62.33000183105469,63.310001373291016,4520500.0
